1.407292543973,1.06757052387814,1.73682773247723,1.96468636140015,0.344102462883016,-0.194028142423926,1.33670582034778,1.17060337087942,1.09224534867217,1.83887165399534,0.745376814694197,1.52855972670804,1.96468636140015,1.57444496521704,1.70651579575289,-0.745376814694197,0.525981445250588,-0.53390596716881,0.81062262897833,-0.0275488499086622,0.0620168034388121,0.839660261095476,1.07982575449811,1.15704800672508,1.50677581061069,0.80109452928195,1.76882503851871,2.39802997051464,2.77651526458467,0.745376814694197,1.03173174412316,-0.763685061592263,-0.307790490234429,-0.271880005399261,0.80109452928195,1.48568432998624,0.963762851622547,1.76882503851871,1.15704800672508,2.20473739431776,1.37114528580987,2.06990183089505,1.62390725292559,1.87757330520317,1.76882503851871,-0.222177351794656,1.10483574396211,0.322263942031047,1.44537832451799,-0.344102462883016,1.67769532068675,0.418168156708219,0.53390596716881,0.820224895705153,1.70651579575289,1.52855972670804,0.494604789248416,0.30057806007811,1.67769532068675,0.931396788224742,0.236316849460652,0.820224895705153,1.14370197813941,0.322263942031047,2.20473739431776,2.77651526458467,0.138165158927511,0.565948821932863,0.236316849460652,1.407292543973,1.83887165399534,1.10483574396211,0.250503753691919,0.782252946079324,1.70651579575289,1.65020458739169,0.013773118272557,1.44537832451799,0.590366365513094,0.425695597680014,0.557884762839599,1.04352912989087,1.11760375641764,1.14370197813941,1.80274309073919,1.67769532068675,1.67769532068675,1.96468636140015,0.0965586152896391,1.17060337087942,0.736315917376129,1.38899205885541,1.50677581061069,0.463707751457179,0.820224895705153,1.30378267210349,0.665869518001048,1.06757052387814,1.55109415853264,1.32006539026851,1.10483574396211,1.28783846983403,1.46523379268552,1.62390725292559,1.48568432998624,2.06990183089505,2.06990183089505,2.5430480700197,2.13248455367803,2.29074749435689,3.0486330937885,2.20473739431776,2.77651526458467,2.5430480700197,3.0486330937885,3.0486330937885,2.39802997051464,2.5430480700197,1.35372485367826,3.0486330937885,2.01450973381435,2.77651526458467,1.38899205885541,1.62390725292559,2.06990183089505,2.39802997051464,3.0486330937885,2.77651526458467,2.77651526458467,2.5430480700197,2.77651526458467,2.39802997051464,2.77651526458467,3.0486330937885,0.358752540122311,0.574049853544963,3.0486330937885,1.30378267210349,1.91931046068885,3.0486330937885,3.0486330937885,3.0486330937885,1.30378267210349,1.55109415853264,0.117336494170289,0.518089817394486,1.06757052387814,1.44537832451799,1.30378267210349,2.39802997051464,2.29074749435689,2.20473739431776,1.96468636140015,1.33670582034778,0.471389465588488,1.80274309073919,2.06990183089505,1.46523379268552,1.06757052387814,0.201050175433198,-0.194028142423926,3.0486330937885
-1.31801089730354,0.0784124127331122,1.86273186742165,1.53412054435255,1.53412054435255,1.53412054435255,0.674489750196082,1.86273186742165,0.579132162255556,3.0486330937885,0.776421761147928,3.0486330937885,3.0486330937885,1.00999016924958,3.0486330937885,0.237202109328788,1.15034938037601,0.579132162255556,1.00999016924958,0.674489750196082,0.579132162255556,3.0486330937885,3.0486330937885,1.53412054435255,1.86273186742165,1.86273186742165,3.0486330937885,3.0486330937885,3.0486330937885,0.887146559018876,1.53412054435255,0,1.15034938037601,0.402250065321725,1.15034938037601,3.0486330937885,0.776421761147928,3.0486330937885,0.887146559018876,3.0486330937885,1.53412054435255,3.0486330937885,3.0486330937885,1.86273186742165,3.0486330937885,-0.157310684610171,1.31801089730354,0.318639363964375,1.86273186742165,-1.15034938037601,1.53412054435255,0.157310684610171,0.157310684610171,0.776421761147928,1.86273186742165,1.31801089730354,-0.0784124127331122,0.0784124127331122,3.0486330937885,0.157310684610171,-0.157310684610171,1.15034938037601,0.776421761147928,0,1.86273186742165,3.0486330937885,1.31801089730354,1.86273186742165,0.488776411114669,3.0486330937885,3.0486330937885,1.31801089730354,0.887146559018876,1.31801089730354,1.86273186742165,1.86273186742165,0,1.86273186742165,1.00999016924958,1.86273186742165,1.15034938037601,3.0486330937885,1.53412054435255,1.53412054435255,3.0486330937885,3.0486330937885,1.86273186742165,3.0486330937885,0.674489750196082,1.53412054435255,1.00999016924958,3.0486330937885,3.0486330937885,1.00999016924958,1.31801089730354,3.0486330937885,1.00999016924958,1.53412054435255,3.0486330937885,3.0486330937885,1.15034938037601,1.86273186742165,1.86273186742165,3.0486330937885,1.86273186742165,3.0486330937885,3.0486330937885,3.0486330937885,1.86273186742165,3.0486330937885,3.0486330937885,3.0486330937885,3.0486330937885,3.0486330937885,3.0486330937885,3.0486330937885,3.0486330937885,3.0486330937885,0.579132162255556,3.0486330937885,3.0486330937885,3.0486330937885,1.53412054435255,1.53412054435255,3.0486330937885,3.0486330937885,3.0486330937885,3.0486330937885,3.0486330937885,3.0486330937885,3.0486330937885,3.0486330937885,3.0486330937885,3.0486330937885,0.237202109328788,0.674489750196082,3.0486330937885,1.31801089730354,1.86273186742165,3.0486330937885,3.0486330937885,1.86273186742165,1.31801089730354,1.86273186742165,0.579132162255556,0.674489750196082,1.86273186742165,3.0486330937885,1.86273186742165,3.0486330937885,3.0486330937885,1.86273186742165,3.0486330937885,3.0486330937885,0,3.0486330937885,1.86273186742165,3.0486330937885,1.86273186742165,0.237202109328788,-0.237202109328788,0
3.0486330937885,3.0486330937885,3.0486330937885,3.0486330937885,3.0486330937885,3.0486330937885,2.01908620058314,3.0486330937885,3.0486330937885,3.0486330937885,2.01908620058314,3.0486330937885,2.01908620058314,3.0486330937885,1.71167530650973,1.51238958606768,3.0486330937885,1.51238958606768,3.0486330937885,1.51238958606768,1.71167530650973,2.01908620058314,3.0486330937885,3.0486330937885,3.0486330937885,2.01908620058314,3.0486330937885,3.0486330937885,3.0486330937885,1.71167530650973,0.781033811522709,3.0486330937885,3.0486330937885,1.71167530650973,1.51238958606768,3.0486330937885,1.35973738393861,3.0486330937885,0.781033811522709,3.0486330937885,1.35973738393861,3.0486330937885,3.0486330937885,2.01908620058314,2.01908620058314,2.01908620058314,3.0486330937885,2.01908620058314,3.0486330937885,-0.391196258189472,3.0486330937885,-0.164210777079331,1.35973738393861,1.23349456196869,1.51238958606768,2.01908620058314,0.164210777079331,1.027154272915,3.0486330937885,2.01908620058314,1.71167530650973,3.0486330937885,3.0486330937885,1.71167530650973,3.0486330937885,3.0486330937885,1.71167530650973,3.0486330937885,0.781033811522709,2.01908620058314,2.01908620058314,1.027154272915,0.857254320221178,3.0486330937885,1.71167530650973,1.71167530650973,0.938814316876903,2.01908620058314,0.938814316876903,1.71167530650973,1.71167530650973,3.0486330937885,3.0486330937885,1.23349456196869,3.0486330937885,3.0486330937885,3.0486330937885,3.0486330937885,2.01908620058314,3.0486330937885,3.0486330937885,1.35973738393861,2.01908620058314,0.054518914848101,0.938814316876903,0.781033811522709,0.164210777079331,1.71167530650973,2.01908620058314,3.0486330937885,1.71167530650973,1.71167530650973,1.71167530650973,3.0486330937885,1.71167530650973,2.01908620058314,3.0486330937885,3.0486330937885,3.0486330937885,3.0486330937885,3.0486330937885,3.0486330937885,3.0486330937885,1.71167530650973,3.0486330937885,3.0486330937885,3.0486330937885,3.0486330937885,1.23349456196869,3.0486330937885,3.0486330937885,3.0486330937885,2.01908620058314,2.01908620058314,3.0486330937885,3.0486330937885,3.0486330937885,3.0486330937885,3.0486330937885,3.0486330937885,3.0486330937885,3.0486330937885,3.0486330937885,3.0486330937885,0.511936213871329,0.938814316876903,3.0486330937885,1.12433823156864,1.51238958606768,3.0486330937885,3.0486330937885,3.0486330937885,1.027154272915,1.51238958606768,0.781033811522709,1.35973738393861,1.12433823156864,2.01908620058314,2.01908620058314,3.0486330937885,3.0486330937885,-2.01908620058314,3.0486330937885,2.01908620058314,3.0486330937885,3.0486330937885,0.164210777079331,2.01908620058314,1.35973738393861,0.164210777079331,-0.164210777079331,1.51238958606768
1.77235360650087,0.530998458566339,1.05795417242426,1.54586404922772,1.87299770223087,1.99721781404519,1.05795417242426,-1.77235360650087,1.3309480449866,1.54586404922772,0.793509707028373,1.48552585303843,3.0486330937885,1.61242159385567,1.20291908641851,-0.202284065348496,0.993203717604819,-0.0478546762756624,1.20291908641851,0.281110100684088,0.281110100684088,1.20291908641851,1.2859134118558,0.444766439819413,0.668496376848144,1.12747433732298,1.99721781404519,2.163088789881,2.163088789881,0.59833216203753,0.793509707028373,-0.281110100684088,-0.028705792355499,-0.341370835891513,0.742118953586068,1.37885673065407,0.530998458566339,1.2859134118558,0.962341950966568,1.87299770223087,1.16436824883121,1.77235360650087,1.09205446946734,0.575600125542116,1.77235360650087,0.261258549079806,1.43015772480033,0.717148548092433,1.54586404922772,-0.575600125542116,1.48552585303843,0.261258549079806,0.487429208910086,0.341370835891513,2.163088789881,1.48552585303843,0.621377693878091,0.301073066381545,1.54586404922772,0.668496376848144,0.241509434307107,0.874806151947972,1.05795417242426,0.341370835891513,2.42597847948095,2.163088789881,0.767560912953982,1.16436824883121,0.321156753757578,1.48552585303843,1.99721781404519,1.24334573402715,0.692617510722309,1.61242159385567,1.87299770223087,1.77235360650087,0.0862122285517014,1.3309480449866,0.668496376848144,0.530998458566339,0.644758083324818,1.16436824883121,1.20291908641851,0.575600125542116,1.54586404922772,0.962341950966568,1.61242159385567,1.77235360650087,0.261258549079806,1.2859134118558,0.793509707028373,1.24334573402715,1.2859134118558,0.717148548092433,0.993203717604819,1.99721781404519,1.09205446946734,1.09205446946734,1.77235360650087,1.24334573402715,1.02504170144637,1.99721781404519,2.42597847948095,2.163088789881,1.09205446946734,1.16436824883121,2.42597847948095,2.163088789881,2.42597847948095,1.77235360650087,2.42597847948095,1.99721781404519,1.87299770223087,2.163088789881,3.0486330937885,3.0486330937885,-0.903214217226935,-0.00956742944918912,-0.261258549079806,1.77235360650087,1.87299770223087,1.87299770223087,1.3309480449866,1.48552585303843,2.42597847948095,3.0486330937885,3.0486330937885,3.0486330937885,3.0486330937885,3.0486330937885,3.0486330937885,3.0486330937885,3.0486330937885,3.0486330937885,1.54586404922772,1.54586404922772,3.0486330937885,3.0486330937885,3.0486330937885,3.0486330937885,3.0486330937885,3.0486330937885,3.0486330937885,3.0486330937885,0.993203717604819,1.48552585303843,1.3309480449866,1.54586404922772,1.05795417242426,3.0486330937885,3.0486330937885,2.42597847948095,1.68700155250161,1.48552585303843,1.05795417242426,1.77235360650087,2.42597847948095,1.68700155250161,0.793509707028373,-2.29489520924309,3.0486330937885,0.962341950966568
2.34102713763045,0.586272649402645,1.49614687621636,1.898028652622,1.76882503851871,1.57444496521704,1.49614687621636,-1.49614687621636,1.66379278588507,2.34102713763045,0.98033035222493,1.2493462419631,2.34102713763045,1.76882503851871,1.2493462419631,0.293381232121194,1.57444496521704,0.448425483305935,1.42607687227285,0.586272649402645,0.705065892900024,1.49614687621636,1.898028652622,1.30378267210349,1.36238338941802,1.30378267210349,2.06990183089505,2.06990183089505,2.34102713763045,0.705065892900024,1.42607687227285,-0.369790678023819,-0.0723697064565021,-0.0241045289806029,1.2493462419631,1.57444496521704,0.768302158979812,1.42607687227285,1.06150262970458,1.76882503851871,1.2493462419631,1.49614687621636,1.898028652622,3.0486330937885,1.76882503851871,1.06150262970458,1.76882503851871,1.49614687621636,2.34102713763045,0.369790678023819,1.57444496521704,0.834771893406776,1.0200762327862,0.905152475028504,3.0486330937885,1.66379278588507,1.19837970230692,0.869423773288886,2.06990183089505,1.10483574396211,1.2493462419631,1.76882503851871,1.76882503851871,1.30378267210349,3.0486330937885,2.34102713763045,0.98033035222493,1.2493462419631,0.52993954630032,1.42607687227285,1.66379278588507,0.644531606106613,0.448425483305935,0.834771893406776,1.898028652622,1.66379278588507,0.615141104595974,1.76882503851871,1.15034938037601,1.10483574396211,-0.448425483305935,0.218649517041404,-0.218649517041404,0.705065892900024,1.30378267210349,1.36238338941802,0.736315917376129,0.98033035222493,0.52993954630032,1.49614687621636,1.0200762327862,1.76882503851871,1.76882503851871,0.615141104595974,0.834771893406776,1.57444496521704,0.942075774995776,1.42607687227285,2.06990183089505,1.49614687621636,1.49614687621636,1.898028652622,2.06990183089505,2.34102713763045,1.66379278588507,1.898028652622,3.0486330937885,3.0486330937885,2.34102713763045,2.06990183089505,3.0486330937885,2.06990183089505,3.0486330937885,3.0486330937885,3.0486330937885,3.0486330937885,2.34102713763045,2.34102713763045,-0.448425483305935,0.293381232121194,0.80109452928195,1.15034938037601,1.49614687621636,1.76882503851871,2.06990183089505,3.0486330937885,3.0486330937885,3.0486330937885,3.0486330937885,3.0486330937885,3.0486330937885,3.0486330937885,3.0486330937885,3.0486330937885,1.2493462419631,1.57444496521704,3.0486330937885,1.898028652622,2.06990183089505,3.0486330937885,3.0486330937885,3.0486330937885,1.898028652622,2.34102713763045,1.10483574396211,1.36238338941802,1.66379278588507,1.66379278588507,1.2493462419631,2.34102713763045,2.34102713763045,2.34102713763045,1.76882503851871,1.49614687621636,1.30378267210349,2.34102713763045,2.34102713763045,2.06990183089505,1.0200762327862,-2.29489520924309,3.0486330937885,1.06150262970458
1.82058787119986,0.651038771523616,1.054081744064,2.22994532337849,1.76685079770208,2.1161181059634,1.17412902897506,1.71777912852338,1.55405342388736,1.33996258038335,0.747211965779283,0.930849673422296,2.38310317696785,1.28892289774189,1.42379287870211,-0.0484302010780976,1.07302075812908,0.189392237790158,1.11210171230381,0.380111484703733,0.624668210803065,1.15295942588204,1.33996258038335,1.39475368836614,1.5910959545252,0.964562582276386,1.71777912852338,2.02450269527929,2.22994532337849,0.651038771523616,0.691469746920796,-0.438609922567473,-0.0807732051752594,-0.510870041579007,-0.733064135193404,0.510870041579007,-0.0484302010780976,1.01729550241128,0.462424652330005,1.31401486544537,0.761510966292095,1.26461720169019,2.02450269527929,1.71777912852338,2.02450269527929,0.380111484703733,1.76685079770208,0.866408663910048,1.11210171230381,-0.535542643606143,2.22994532337849,0.200356577859153,0.585904171095038,0.474430240024233,1.76685079770208,1.5910959545252,0.560545672243051,0.311573328217986,2.22994532337849,0.866408663910048,0.820349022602313,1.67252622557134,1.51902833134095,0.850855214970539,2.62820444557828,2.62820444557828,0.222359117372778,0.637798048295846,-0.200356577859154,0.33424137485012,0.761510966292095,0.548001333608486,0.15662997093093,0.981836795657368,0.651038771523616,0.964562582276386,0.637798048295846,1.76685079770208,1.15295942588204,1.21812634026608,-0.380111484703733,0.560545672243051,0.775967390282894,-0.67787007192821,0.705198531144633,0.462424652330005,1.31401486544537,1.51902833134095,0.651038771523616,1.5910959545252,1.09235268450258,2.02450269527929,2.1161181059634,0.357082502788188,0.719061537768093,1.28892289774189,0.719061537768093,0.598725089860207,1.42379287870211,0.866408663910048,0.882174585057527,1.33996258038335,1.42379287870211,1.71777912852338,1.82058787119986,2.62820444557828,2.38310317696785,2.38310317696785,3.0486330937885,2.62820444557828,3.0486330937885,2.22994532337849,2.62820444557828,2.62820444557828,3.0486330937885,3.0486330937885,3.0486330937885,3.0486330937885,0.882174585057527,2.1161181059634,2.38310317696785,2.22994532337849,2.38310317696785,3.0486330937885,3.0486330937885,3.0486330937885,3.0486330937885,3.0486330937885,3.0486330937885,3.0486330937885,2.62820444557828,3.0486330937885,3.0486330937885,3.0486330937885,0.0376621160755988,0.300299784162634,3.0486330937885,1.21812634026608,1.94727189816835,2.38310317696785,2.62820444557828,3.0486330937885,1.26461720169019,1.33996258038335,-0.415041411546002,-0.178450619347824,1.36684523818138,1.17412902897506,0.930849673422296,2.22994532337849,2.38310317696785,2.1161181059634,1.76685079770208,0.99940907279939,0.15662997093093,1.67252622557134,1.82058787119986,1.21812634026608,0.498650317005967,0.637798048295846,-0.598725089860207,1.26461720169019
1.60004301550576,0.520464698947484,0.976600193483611,1.92050200176755,2.20581065037808,1.92050200176755,1.09395981559489,-0.642500992333439,1.73810802677361,1.60004301550576,0.729405875748816,1.09395981559489,3.0486330937885,1.48710795302568,1.48710795302568,0.225079011832868,1.73810802677361,0.443320062203755,1.48710795302568,0.520464698947484,0.822207336306158,1.60004301550576,1.60004301550576,1.03350022984467,1.30532906273112,1.22871659447705,1.60004301550576,2.20581065037808,2.20581065037808,0.560200822957286,0.922698431338058,-0.871352626586239,-0.296139842840243,-0.260444983560703,0.600842032394516,1.03350022984467,0.642500992333439,1.48710795302568,1.09395981559489,1.73810802677361,1.30532906273112,1.73810802677361,1.92050200176755,2.20581065037808,1.3904787041511,0.481534049035763,1.60004301550576,0.871352626586239,1.60004301550576,-0.120471583142005,2.20581065037808,0.520464698947484,0.729405875748816,0.871352626586239,2.20581065037808,1.48710795302568,0.729405875748816,0.520464698947484,1.73810802677361,1.03350022984467,0.922698431338058,1.60004301550576,1.92050200176755,1.09395981559489,2.20581065037808,2.20581065037808,0.368730292595099,0.642500992333439,-0.296139842840243,0.368730292595099,0.922698431338058,0.976600193483611,0.120471583142005,1.03350022984467,1.73810802677361,1.09395981559489,0.443320062203755,1.3904787041511,0.729405875748816,0.774972068807261,-0.774972068807261,-0.0859491382642102,0.296139842840243,0.0859491382642102,1.03350022984467,0.685306255956671,0.520464698947484,0.685306255956671,0.685306255956671,1.48710795302568,1.30532906273112,1.92050200176755,2.20581065037808,0.729405875748816,0.976600193483611,1.92050200176755,1.22871659447705,1.30532906273112,3.0486330937885,1.3904787041511,0.976600193483611,1.92050200176755,1.92050200176755,3.0486330937885,1.3904787041511,1.92050200176755,2.20581065037808,3.0486330937885,3.0486330937885,1.92050200176755,2.20581065037808,2.20581065037808,2.20581065037808,3.0486330937885,3.0486330937885,3.0486330937885,3.0486330937885,3.0486330937885,0.729405875748816,1.92050200176755,1.60004301550576,2.20581065037808,2.20581065037808,3.0486330937885,2.20581065037808,3.0486330937885,3.0486330937885,3.0486330937885,3.0486330937885,3.0486330937885,3.0486330937885,3.0486330937885,3.0486330937885,3.0486330937885,0.729405875748816,0.774972068807261,3.0486330937885,3.0486330937885,2.20581065037808,3.0486330937885,3.0486330937885,3.0486330937885,3.0486330937885,3.0486330937885,0.296139842840243,0.685306255956671,1.15870772125159,1.92050200176755,1.03350022984467,3.0486330937885,3.0486330937885,2.20581065037808,3.0486330937885,1.30532906273112,0.642500992333439,1.48710795302568,2.20581065037808,1.60004301550576,0.922698431338058,0.18999242232265,-0.18999242232265,0.642500992333439
0.240532649566971,0.370857325205582,1.24026867931822,1.73554324832288,1.15538235523293,3.0486330937885,0.940214709749602,1.83763842687806,-0.261913112954443,1.38750031151983,0.707366349581215,0.707366349581215,2.13137997498484,0.579897901343181,0.847539975840572,0.0725694218992068,1.19674757213923,0.484404009366126,1.33517773611894,0.348755695517045,0.940214709749602,1.50536055307441,1.73554324832288,1.0417649647364,1.50536055307441,1.44392408596421,1.83763842687806,1.96351143704584,1.96351143704584,0.877591784523564,0.579897901343181,-0.114185294321428,0.415622922597768,0.240532649566971,0.908457868537385,1.5730705667117,0.438316281744601,1.33517773611894,0.629646917416884,2.13137997498484,0.908457868537385,1.44392408596421,2.13137997498484,1.73554324832288,1.83763842687806,-0.50783330925507,1.11590497997735,-0.0310789066840792,1.50536055307441,-1.96351143704584,1.11590497997735,-0.415622922597768,0.484404009366126,0.555558955479983,1.5730705667117,1.0780941645707,0.0310789066840794,-0.370857325205582,1.15538235523293,0.348755695517045,0.531544774961021,1.5730705667117,1.19674757213923,0.555558955479983,2.39702212512662,3.0486330937885,1.0417649647364,1.44392408596421,0.135063101587995,1.5730705667117,2.39702212512662,0.877591784523564,1.19674757213923,1.96351143704584,2.13137997498484,2.13137997498484,0.370857325205582,1.44392408596421,0.847539975840572,0.877591784523564,0.707366349581215,1.64887349724296,1.5730705667117,0.604585346583237,1.96351143704584,1.50536055307441,1.64887349724296,1.83763842687806,0.877591784523564,1.5730705667117,1.64887349724296,1.96351143704584,2.13137997498484,0.240532649566971,0.681005881966215,0.940214709749602,0.579897901343181,0.789615991659775,1.83763842687806,1.0780941645707,1.00676111154861,2.13137997498484,2.13137997498484,2.13137997498484,1.83763842687806,2.13137997498484,2.39702212512662,3.0486330937885,2.13137997498484,3.0486330937885,3.0486330937885,2.39702212512662,3.0486330937885,3.0486330937885,3.0486330937885,3.0486330937885,2.39702212512662,2.39702212512662,0.393141632888008,3.0486330937885,3.0486330937885,3.0486330937885,2.39702212512662,2.39702212512662,3.0486330937885,3.0486330937885,3.0486330937885,3.0486330937885,3.0486330937885,3.0486330937885,3.0486330937885,3.0486330937885,3.0486330937885,3.0486330937885,-0.155999953529133,0.305046708239897,2.13137997498484,1.15538235523293,1.15538235523293,2.13137997498484,3.0486330937885,3.0486330937885,0.789615991659775,1.44392408596421,0.761629786894346,1.0780941645707,1.38750031151983,1.73554324832288,1.0780941645707,3.0486330937885,3.0486330937885,1.64887349724296,1.96351143704584,1.33517773611894,-0.219261589527674,1.44392408596421,2.13137997498484,1.5730705667117,0.629646917416884,0.283413991626974,-0.283413991626974,-0.0725694218992068
1.42233308885219,-0.0264815624990133,1.10859338334172,1.12506054198541,1.52700180160049,2.69483954069444,0.86448058057676,1.7655892267966,1.68728119179327,1.39847048115777,0.685612104412942,-1.17639612444284,1.80918327418404,1.00084570659368,1.90841168188847,-0.114992957360682,1.25008744485532,0.123882321258613,0.916976547743747,0.456699119321223,0.417850619957162,1.47265135216411,1.68728119179327,0.826623128139721,1.03041144816421,0.851725980698267,0.52642701560627,0.826623128139721,0.903619527514062,0.286300614748192,1.09242147675761,-0.304741052690845,0.141691177883466,-0.286300614748192,0.609408777786192,1.37537864988346,0.240607734605352,1.33127484668092,0.456699119321223,1.52700180160049,0.777913993204743,1.3101625699948,1.96602455155406,1.65172046248686,1.68728119179327,0.52642701560627,2.03101452556692,1.09242147675761,1.80918327418404,-0.516315885875285,1.90841168188847,0.295508272528768,0.486291417555004,0.476381212476961,1.90841168188847,1.58627890091466,0.609408777786192,0.0706680221272898,1.90841168188847,0.814265345635678,0.719503111280361,1.7655892267966,1.42233308885219,0.814265345635678,2.10592039669492,2.45510084629904,0.536592254101327,1.0765303368163,0.168490797005464,1.52700180160049,1.85651433499467,0.696819928324549,0.476381212476961,1.58627890091466,1.7655892267966,1.72511337703898,0.536592254101327,2.19492449930506,1.03041144816421,1.10859338334172,0.43719238618456,1.49927302669253,1.01551761329349,0.730984316847628,1.65172046248686,1.47265135216411,1.65172046248686,1.72511337703898,0.506257268978843,1.47265135216411,1.01551761329349,1.72511337703898,1.7655892267966,0.249703176638154,0.52642701560627,1.0765303368163,0.609408777786192,0.851725980698267,1.58627890091466,1.14183857014551,1.17639612444284,1.09242147675761,1.19421374905514,1.47265135216411,1.28961864571641,1.68728119179327,1.96602455155406,2.45510084629904,1.55595703322951,2.69483954069444,3.0486330937885,2.69483954069444,2.69483954069444,2.45510084629904,3.0486330937885,3.0486330937885,2.45510084629904,2.45510084629904,0.417850619957162,2.45510084629904,2.19492449930506,2.30571145597628,1.55595703322951,2.03101452556692,2.69483954069444,3.0486330937885,3.0486330937885,3.0486330937885,3.0486330937885,3.0486330937885,3.0486330937885,3.0486330937885,3.0486330937885,3.0486330937885,0.567429318778869,0.826623128139721,2.69483954069444,1.37537864988346,1.85651433499467,2.45510084629904,3.0486330937885,3.0486330937885,1.42233308885219,1.7655892267966,0.546813245482896,1.09242147675761,1.01551761329349,1.65172046248686,1.12506054198541,3.0486330937885,2.69483954069444,2.10592039669492,1.96602455155406,1.55595703322951,0.0618224497672341,1.47265135216411,2.10592039669492,1.72511337703898,0.916976547743747,-0.00882627049414872,0.0176532286486613,0.814265345635678
1.23942033805493,0.767073234260792,1.20592061451562,1.77468830701134,1.43285690818656,1.58079879293785,0.644907174986413,1.77468830701134,1.38990751920935,1.27437190141839,0.901940251761406,1.27437190141839,2.07512788967256,1.27437190141839,1.38990751920935,-0.143271264399114,1.05562573082264,0.11128240809028,0.901940251761406,0.45992560562357,0.568610860051323,1.70278882478237,1.857140698683,1.77468830701134,1.857140698683,1.47862522784776,2.07512788967256,2.07512788967256,2.07512788967256,0.855263908279457,1.34937922615093,0.143271264399115,0.424932233745406,0.159318784966664,1.00176791623847,2.07512788967256,0.878362855144886,1.63874766457538,1.14269666015884,2.07512788967256,1.31095366697235,2.23653945714085,1.77468830701134,2.07512788967256,2.23653945714085,0.531695789116206,1.52771916975871,1.11273377597321,2.23653945714085,-0.322814880255476,2.49324273271553,0.27305605487126,0.725159101043089,0.684481945781386,1.95457790447931,1.857140698683,0.550059620888271,0.407631405665874,3.0486330937885,1.00176791623847,0.926030019477074,1.77468830701134,1.857140698683,1.05562573082264,1.95457790447931,3.0486330937885,-0.83261252800435,0.704674766244962,-0.625496004972437,1.23942033805493,1.58079879293785,0.878362855144886,-0.240262734802728,1.11273377597321,1.63874766457538,1.34937922615093,0.424932233745406,1.63874766457538,0.901940251761406,0.975900197903563,0.240262734802728,1.58079879293785,0.975900197903563,0.975900197903563,2.49324273271553,1.52771916975871,2.07512788967256,2.23653945714085,0.810380504746912,2.07512788967256,1.27437190141839,1.63874766457538,1.857140698683,0.356429437171972,0.810380504746912,1.52771916975871,0.513509543560932,1.20592061451562,1.857140698683,1.52771916975871,1.14269666015884,1.857140698683,1.857140698683,2.23653945714085,1.52771916975871,1.95457790447931,2.23653945714085,2.07512788967256,2.49324273271553,2.49324273271553,3.0486330937885,2.49324273271553,2.49324273271553,3.0486330937885,3.0486330937885,3.0486330937885,2.49324273271553,3.0486330937885,0.684481945781386,3.0486330937885,3.0486330937885,3.0486330937885,1.63874766457538,1.857140698683,2.23653945714085,2.49324273271553,3.0486330937885,3.0486330937885,3.0486330937885,3.0486330937885,3.0486330937885,2.49324273271553,3.0486330937885,3.0486330937885,0.27305605487126,0.66456444941058,1.77468830701134,1.27437190141839,1.52771916975871,3.0486330937885,3.0486330937885,3.0486330937885,1.11273377597321,1.58079879293785,0.339574193345236,0.587359891222855,1.43285690818656,2.07512788967256,1.77468830701134,3.0486330937885,3.0486330937885,3.0486330937885,2.49324273271553,2.23653945714085,-0.45992560562357,2.23653945714085,3.0486330937885,2.23653945714085,1.63874766457538,0.0794070506315384,-0.0794070506315384,0.684481945781386
1.63254796584635,0.576758564507798,1.94911199693989,0.823442487223818,1.94911199693989,1.63254796584635,1.0200762327862,1.94911199693989,1.42607687227285,0.654452200732004,0.736315917376129,1.13491661799349,-0.0321417933273383,1.26707575126644,1.26707575126644,-0.361201637711319,1.26707575126644,-0.226885444535879,0.576758564507798,0.361201637711319,0.502402223373355,1.42607687227285,1.94911199693989,1.42607687227285,1.63254796584635,1.42607687227285,1.94911199693989,3.0486330937885,3.0486330937885,1.0200762327862,1.42607687227285,0.161379042734239,0.502402223373355,0.502402223373355,1.26707575126644,1.94911199693989,1.26707575126644,1.94911199693989,1.13491661799349,1.94911199693989,1.63254796584635,3.0486330937885,1.94911199693989,1.94911199693989,1.94911199693989,0.736315917376129,3.0486330937885,1.0200762327862,1.94911199693989,-0.654452200732004,1.94911199693989,-0.0321417933273383,0.736315917376129,0.502402223373355,3.0486330937885,1.94911199693989,0.293381232121194,0.226885444535879,3.0486330937885,0.430727299295458,0.736315917376129,3.0486330937885,3.0486330937885,0.917321185619228,1.94911199693989,3.0486330937885,1.42607687227285,1.63254796584635,0.0965586152896391,3.0486330937885,3.0486330937885,0.823442487223818,0.917321185619228,1.94911199693989,3.0486330937885,1.94911199693989,-0.161379042734239,1.63254796584635,0.502402223373355,1.13491661799349,1.13491661799349,1.94911199693989,1.42607687227285,1.26707575126644,1.63254796584635,1.63254796584635,1.94911199693989,3.0486330937885,0.430727299295458,1.94911199693989,0.823442487223818,1.26707575126644,1.94911199693989,-0.502402223373355,0.0321417933273383,0.823442487223818,-0.161379042734239,0.823442487223818,1.63254796584635,1.26707575126644,0.654452200732004,-0.73631591737613,-0.576758564507798,-0.226885444535879,0.917321185619228,1.42607687227285,1.94911199693989,1.63254796584635,1.94911199693989,1.94911199693989,3.0486330937885,3.0486330937885,1.94911199693989,1.63254796584635,3.0486330937885,3.0486330937885,1.94911199693989,3.0486330937885,0.917321185619228,1.94911199693989,1.94911199693989,3.0486330937885,3.0486330937885,3.0486330937885,3.0486330937885,3.0486330937885,3.0486330937885,3.0486330937885,3.0486330937885,3.0486330937885,3.0486330937885,3.0486330937885,3.0486330937885,3.0486330937885,0.430727299295458,1.0200762327862,3.0486330937885,1.0200762327862,1.63254796584635,3.0486330937885,3.0486330937885,3.0486330937885,1.0200762327862,1.42607687227285,0.654452200732004,0.917321185619228,1.63254796584635,1.63254796584635,1.0200762327862,1.94911199693989,3.0486330937885,3.0486330937885,3.0486330937885,3.0486330937885,-0.576758564507798,3.0486330937885,3.0486330937885,3.0486330937885,1.42607687227285,0.361201637711319,-0.361201637711319,1.26707575126644
3.0486330937885,1.51792915959428,3.0486330937885,3.0486330937885,0.989168627340635,1.51792915959428,1.51792915959428,-1.13097760824516,1.51792915959428,1.84859628850141,1.30015343336342,0.989168627340635,3.0486330937885,1.51792915959428,1.84859628850141,0.286893916923039,1.84859628850141,0.372289360465191,1.51792915959428,0.460494539103116,0.75272879425817,1.51792915959428,1.51792915959428,1.51792915959428,1.84859628850141,3.0486330937885,3.0486330937885,3.0486330937885,3.0486330937885,0.989168627340635,1.84859628850141,-0.649323913186466,-0.121587382750483,0.0404405085656462,1.51792915959428,1.84859628850141,1.51792915959428,3.0486330937885,1.51792915959428,3.0486330937885,1.51792915959428,3.0486330937885,0.864894358685283,3.0486330937885,1.84859628850141,0.121587382750483,1.30015343336342,0.203544231532486,1.30015343336342,0.552442584646774,1.51792915959428,1.84859628850141,0.649323913186466,1.30015343336342,1.84859628850141,3.0486330937885,1.13097760824516,1.30015343336342,3.0486330937885,0.989168627340635,0.552442584646774,0.864894358685283,1.30015343336342,0.552442584646774,3.0486330937885,3.0486330937885,1.84859628850141,3.0486330937885,0.649323913186466,1.84859628850141,1.84859628850141,0.75272879425817,0.121587382750483,0.552442584646774,1.51792915959428,1.84859628850141,-1.51792915959428,0.203544231532486,-0.649323913186466,-0.864894358685283,1.30015343336342,1.51792915959428,1.84859628850141,3.0486330937885,3.0486330937885,3.0486330937885,1.84859628850141,1.84859628850141,0.75272879425817,1.84859628850141,1.13097760824516,1.84859628850141,1.84859628850141,1.13097760824516,1.30015343336342,1.84859628850141,1.13097760824516,1.30015343336342,3.0486330937885,1.30015343336342,1.30015343336342,3.0486330937885,3.0486330937885,3.0486330937885,3.0486330937885,3.0486330937885,3.0486330937885,3.0486330937885,3.0486330937885,3.0486330937885,3.0486330937885,3.0486330937885,3.0486330937885,3.0486330937885,3.0486330937885,3.0486330937885,3.0486330937885,3.0486330937885,0.75272879425817,3.0486330937885,3.0486330937885,3.0486330937885,0.989168627340635,1.84859628850141,3.0486330937885,3.0486330937885,3.0486330937885,3.0486330937885,3.0486330937885,3.0486330937885,3.0486330937885,3.0486330937885,3.0486330937885,3.0486330937885,0.372289360465191,0.460494539103116,3.0486330937885,3.0486330937885,1.84859628850141,3.0486330937885,3.0486330937885,3.0486330937885,3.0486330937885,3.0486330937885,0.203544231532486,0.286893916923039,1.84859628850141,3.0486330937885,1.84859628850141,3.0486330937885,3.0486330937885,3.0486330937885,3.0486330937885,3.0486330937885,0.989168627340635,3.0486330937885,1.84859628850141,3.0486330937885,1.84859628850141,0.286893916923039,-0.286893916923039,0.75272879425817
1.01790136640641,-0.151990243418403,1.22261138732413,1.17097024329658,1.61007011523722,2.7108346071422,0.627698692148489,1.87784271741639,1.35789613398615,1.44787859591328,0.679779173989717,0.334165026209914,2.12535446255497,-0.281243698737025,1.87784271741639,0.537960923003754,1.74757923981475,0.898108858473985,1.40146915348254,0.848834923312304,0.898108858473985,1.87784271741639,1.92931897789515,1.78769329956576,2.12535446255497,1.25893533043099,1.87784271741639,2.21375499417345,2.32383706842835,0.701130662205386,1.29700091350809,0.246404494314791,0.789995833939191,0.378986368366632,1.31675887132498,2.0509844984416,0.949666219950864,2.0509844984416,0.97641457758068,2.0509844984416,1.47230105956242,2.21375499417345,2.32383706842835,1.92931897789515,2.7108346071422,0.424582654775142,1.67487004751961,0.801540527055552,1.87784271741639,-0.910770882518942,1.83090921987739,0.0168238021565985,0.480499184067034,0.369963890060539,1.74757923981475,1.44787859591328,0.433805716360609,-0.0673429003634295,1.92931897789515,0.949666219950864,-0.255084651940518,1.24056875404531,1.18783269923911,0,1.37935529729315,2.32383706842835,0.898108858473985,1.92931897789515,0.388039804621498,1.61007011523722,1.92931897789515,1.09123887712077,0.406243413500341,1.71009491936705,1.92931897789515,1.87784271741639,0.949666219950864,2.47234957965101,1.29700091350809,1.47230105956242,0.910770882518942,2.21375499417345,1.83090921987739,1.06121852154154,2.32383706842835,1.61007011523722,1.92931897789515,2.12535446255497,0.923580638919479,1.83090921987739,1.2777366955866,1.98648167353792,2.0509844984416,0.617488215758496,0.86095696608153,1.49763469298854,0.898108858473985,1.35789613398615,2.21375499417345,1.71009491936705,1.40146915348254,1.71009491936705,1.78769329956576,2.12535446255497,1.3370446775947,1.71009491936705,2.0509844984416,2.47234957965101,1.92931897789515,2.47234957965101,3.0486330937885,2.32383706842835,2.7108346071422,2.12535446255497,3.0486330937885,3.0486330937885,2.32383706842835,2.7108346071422,0.203267221050109,2.7108346071422,3.0486330937885,3.0486330937885,3.0486330937885,3.0486330937885,3.0486330937885,3.0486330937885,3.0486330937885,3.0486330937885,3.0486330937885,3.0486330937885,3.0486330937885,3.0486330937885,3.0486330937885,3.0486330937885,0.134992948393538,0.49946808566918,2.21375499417345,1.12227633138608,1.78769329956576,2.21375499417345,3.0486330937885,3.0486330937885,1.18783269923911,1.78769329956576,0.388039804621498,0.848834923312304,1.04656118138657,1.78769329956576,1.24056875404531,2.32383706842835,3.0486330937885,2.12535446255497,2.32383706842835,1.87784271741639,-0.72280668820074,1.83090921987739,1.87784271741639,2.0509844984416,1.06121852154154,0.14348641401639,-0.14348641401639,0.220472283731392
2.11088021938801,1.04580261431236,1.00885646145564,1.81473126819737,1.81473126819737,1.81473126819737,1.30673023060499,-0.841621233572914,1.81473126819737,1.94169600161785,0.640666889919105,0.87309977661884,2.11088021938801,1.21050035006428,1.62413112667095,-0.462841111101068,0.781033811522709,-0.164210777079331,0.8109553641377,0.230901527086056,0.142156334137335,0.841621233572914,1.12433823156864,0.87309977661884,1.25716014400141,0.938814316876903,1.71167530650973,2.11088021938801,2.11088021938801,0.614128472340675,0.938814316876903,-0.414837494542377,0.0108985995538832,-0.2533471031358,0.438712918596108,1.16633689696683,0.588015723303817,1.21050035006428,0.723186653500953,1.54751491633472,0.973238495229513,1.41686726396468,0.487241842221569,0.973238495229513,1.25716014400141,0.344547230995852,1.54751491633472,0.87309977661884,1.21050035006428,-0.344547230995852,2.37832893336567,0.438712918596108,0.511936213871329,0.414837494542377,2.11088021938801,1.54751491633472,0.841621233572914,0.230901527086056,1.62413112667095,0.841621233572914,0.614128472340675,1.41686726396468,1.62413112667095,0.695157630229606,2.37832893336567,3.0486330937885,0.298636527929015,0.8109553641377,0.120170828099354,0.8109553641377,1.25716014400141,0.938814316876903,0.054518914848101,0.781033811522709,1.04580261431236,1.12433823156864,0.142156334137335,1.30673023060499,0.667664420705464,0.438712918596108,0.054518914848101,0.695157630229606,0.640666889919105,0.344547230995852,1.54751491633472,1.00885646145564,0.841621233572914,1.21050035006428,0.0327009786272291,1.04580261431236,0.781033811522709,1.54751491633472,1.54751491633472,0.614128472340675,0.751795725375043,1.35973738393861,1.0842344300009,0.938814316876903,2.11088021938801,1.0842344300009,1.30673023060499,1.25716014400141,1.47903696807313,1.71167530650973,1.47903696807313,1.81473126819737,2.37832893336567,2.11088021938801,3.0486330937885,2.37832893336567,3.0486330937885,2.37832893336567,3.0486330937885,2.11088021938801,3.0486330937885,3.0486330937885,1.71167530650973,3.0486330937885,0.905468215149992,2.11088021938801,1.35973738393861,1.62413112667095,1.47903696807313,1.81473126819737,2.37832893336567,3.0486330937885,3.0486330937885,3.0486330937885,3.0486330937885,3.0486330937885,3.0486330937885,3.0486330937885,3.0486330937885,3.0486330937885,0.781033811522709,0.905468215149992,3.0486330937885,1.81473126819737,2.37832893336567,3.0486330937885,3.0486330937885,3.0486330937885,1.81473126819737,1.94169600161785,0.462841111101068,1.00885646145564,1.00885646145564,1.54751491633472,0.973238495229513,1.94169600161785,2.37832893336567,2.11088021938801,1.81473126819737,1.25716014400141,1.00885646145564,1.94169600161785,2.37832893336567,1.47903696807313,0.667664420705464,0.120170828099354,-0.120170828099354,1.00885646145564
1.2815515655446,0.404677904530048,1.2815515655446,1.71845154339103,1.57921951928357,3.0486330937885,0.893800631179489,-0.791638607743375,1.2040469600267,1.57921951928357,0.565948821932863,0.443861311926248,2.18934975552209,0.948535040826638,1.90221649578202,0.290506771123394,1.46523379268552,0.565948821932863,1.00626998586084,0.841621233572914,0.565948821932863,1.2815515655446,1.71845154339103,1.00626998586084,1.71845154339103,1.13317003025956,1.71845154339103,2.18934975552209,3.0486330937885,0.565948821932863,0.948535040826638,-0.948535040826638,-0.483738553046103,-0.180012369792705,1.00626998586084,1.71845154339103,0.36610635680057,1.2040469600267,1.06757052387814,2.18934975552209,1.46523379268552,1.71845154339103,1.2815515655446,2.18934975552209,2.18934975552209,-0.743559756879431,0.743559756879431,0,0.841621233572914,-1.2040469600267,1.2040469600267,-0.180012369792705,0.483738553046103,0.2533471031358,2.18934975552209,0.893800631179489,0.608498134499884,-0.328072107531651,1.06757052387814,0.328072107531651,0.180012369792705,1.06757052387814,1.36762792331569,0.2533471031358,3.0486330937885,2.18934975552209,1.00626998586084,1.46523379268552,0.443861311926248,1.2040469600267,1.57921951928357,1.2040469600267,0.565948821932863,1.57921951928357,1.36762792331569,1.57921951928357,-0.107634392383102,1.06757052387814,0.893800631179489,0.290506771123394,0.608498134499884,1.06757052387814,0.948535040826638,0.948535040826638,1.71845154339103,1.36762792331569,1.57921951928357,1.90221649578202,0.565948821932863,1.36762792331569,1.00626998586084,2.18934975552209,3.0486330937885,0.652178986342786,0.791638607743375,2.18934975552209,1.46523379268552,1.13317003025956,2.18934975552209,1.13317003025956,1.13317003025956,1.57921951928357,1.71845154339103,2.18934975552209,1.36762792331569,1.36762792331569,3.0486330937885,1.90221649578202,2.18934975552209,2.18934975552209,3.0486330937885,3.0486330937885,1.90221649578202,3.0486330937885,3.0486330937885,3.0486330937885,2.18934975552209,2.18934975552209,0.652178986342786,1.71845154339103,3.0486330937885,3.0486330937885,3.0486330937885,3.0486330937885,3.0486330937885,3.0486330937885,3.0486330937885,3.0486330937885,3.0486330937885,3.0486330937885,3.0486330937885,3.0486330937885,3.0486330937885,3.0486330937885,-0.216534124449171,-0.143729233705824,2.18934975552209,2.18934975552209,1.90221649578202,3.0486330937885,3.0486330937885,3.0486330937885,1.57921951928357,1.71845154339103,0.0358166316600695,0.565948821932863,0.841621233572914,1.36762792331569,0.791638607743375,3.0486330937885,2.18934975552209,2.18934975552209,1.90221649578202,1.57921951928357,0.483738553046103,1.46523379268552,2.18934975552209,1.57921951928357,0.483738553046103,0.483738553046103,-0.483738553046103,0.36610635680057
1.89591704635569,0.996843294438167,1.71167530650973,2.18368357888543,1.71167530650973,2.18368357888543,1.45768446378153,3.0486330937885,3.0486330937885,2.18368357888543,1.57203674824224,1.57203674824224,2.18368357888543,1.89591704635569,0.831312523824641,-0.996843294438167,0.511936213871329,-0.781033811522709,0.430727299295458,0.0181649719262725,0.0909450775354969,1.89591704635569,1.89591704635569,2.18368357888543,3.0486330937885,1.89591704635569,3.0486330937885,3.0486330937885,3.0486330937885,1.19551966435596,1.27333680778911,0.553808157475141,0.831312523824641,0.553808157475141,0.391196258189472,1.71167530650973,1.89591704635569,3.0486330937885,0.938814316876903,3.0486330937885,1.35973738393861,2.18368357888543,2.18368357888543,3.0486330937885,3.0486330937885,0.596674624445304,1.45768446378153,1.27333680778911,3.0486330937885,-0.313865507687421,2.18368357888543,0.430727299295458,0.553808157475141,0.938814316876903,1.71167530650973,1.57203674824224,0.391196258189472,0.430727299295458,3.0486330937885,1.12433823156864,0.938814316876903,1.57203674824224,1.45768446378153,0.996843294438167,2.18368357888543,3.0486330937885,1.12433823156864,1.89591704635569,0.430727299295458,2.18368357888543,2.18368357888543,0.883786279781473,0.313865507687421,0.996843294438167,2.18368357888543,1.89591704635569,0.553808157475141,3.0486330937885,0.883786279781473,0.996843294438167,0.781033811522709,2.18368357888543,1.27333680778911,1.12433823156864,3.0486330937885,2.18368357888543,2.18368357888543,3.0486330937885,0.127492353731062,1.71167530650973,0.831312523824641,1.57203674824224,1.89591704635569,0.164210777079331,0.781033811522709,1.27333680778911,0.238369910397064,1.27333680778911,1.89591704635569,1.57203674824224,1.35973738393861,1.27333680778911,1.27333680778911,1.27333680778911,1.71167530650973,1.89591704635569,1.89591704635569,2.18368357888543,3.0486330937885,3.0486330937885,3.0486330937885,3.0486330937885,3.0486330937885,3.0486330937885,3.0486330937885,3.0486330937885,3.0486330937885,3.0486330937885,1.27333680778911,3.0486330937885,1.89591704635569,1.71167530650973,1.57203674824224,1.71167530650973,3.0486330937885,1.89591704635569,3.0486330937885,3.0486330937885,3.0486330937885,3.0486330937885,3.0486330937885,1.89591704635569,2.18368357888543,3.0486330937885,0.352267470737613,0.781033811522709,2.18368357888543,1.12433823156864,1.71167530650973,2.18368357888543,3.0486330937885,3.0486330937885,0.996843294438167,1.19551966435596,0.470943392868281,0.831312523824641,1.27333680778911,3.0486330937885,2.18368357888543,3.0486330937885,3.0486330937885,3.0486330937885,3.0486330937885,3.0486330937885,-0.352267470737613,3.0486330937885,3.0486330937885,3.0486330937885,3.0486330937885,0.27592106310796,-0.27592106310796,1.45768446378153
1.81864559285006,0.873399908143223,1.86134179313879,3.0486330937885,2.07899777622371,2.73333816830359,1.81864559285006,2.3492993705384,2.15262753953653,1.9586248275181,1.43787255032341,2.15262753953653,1.37452421858795,1.74202138586199,1.4835398594013,0.576520640111807,1.64333577830523,0.722122061196142,1.17938598287939,0.994973370038433,1.10400152424972,1.81864559285006,2.15262753953653,2.24019340084019,3.0486330937885,1.9586248275181,2.49659564193732,3.0486330937885,3.0486330937885,1.13338337743907,1.29779622620429,0.944669591394476,1.33517773611894,0.193720186998445,1.04793002769595,2.15262753953653,0.691855286028182,1.90772837527739,0.642765649300102,2.15262753953653,0.784747066994371,1.86134179313879,2.01516706324733,1.53252939506734,2.3492993705384,1.16377771228471,2.73333816830359,1.64333577830523,2.3492993705384,-0.0432311911528173,2.49659564193732,0.348755695517045,1.03441875801562,1.04793002769595,2.01516706324733,1.9586248275181,0.486011168169344,0.512715321982249,2.3492993705384,1.29779622620429,1.4835398594013,2.24019340084019,1.81864559285006,1.4835398594013,3.0486330937885,3.0486330937885,1.37452421858795,1.86134179313879,0.957018348842071,2.15262753953653,2.24019340084019,1.02109373437978,0.672025601390776,1.58550049485113,1.9586248275181,1.9586248275181,1.04793002769595,3.0486330937885,1.354588845414,1.70725699998651,0.416401832893167,1.81864559285006,0.908457868537385,1.14844792467631,2.24019340084019,1.70725699998651,2.24019340084019,3.0486330937885,0.88496492595583,1.90772837527739,1.354588845414,1.90772837527739,2.3492993705384,0.442251517629348,0.691855286028182,1.29779622620429,0.614045965812755,1.53252939506734,2.49659564193732,1.81864559285006,1.86134179313879,0.873399908143223,0.944669591394476,0.994973370038433,2.24019340084019,2.3492993705384,2.73333816830359,2.73333816830359,2.73333816830359,3.0486330937885,3.0486330937885,2.73333816830359,3.0486330937885,3.0486330937885,3.0486330937885,3.0486330937885,2.07899777622371,2.3492993705384,3.0486330937885,3.0486330937885,0.839383894740489,0.576520640111807,0.753065327785034,0.908457868537385,1.46032553662246,0.633134571188847,2.01516706324733,1.50758239228135,1.58550049485113,1.24490643777381,1.37452421858795,0.0196456858602966,0.795483528929082,2.07899777622371,1.53252939506734,1.9586248275181,3.0486330937885,1.86134179313879,2.73333816830359,3.0486330937885,3.0486330937885,2.73333816830359,1.9586248275181,2.3492993705384,1.29779622620429,1.9586248275181,1.50758239228135,2.49659564193732,2.3492993705384,3.0486330937885,2.73333816830359,2.24019340084019,3.0486330937885,2.24019340084019,-0.0196456858602966,2.15262753953653,2.07899777622371,2.07899777622371,1.81864559285006,-2.29489520924309,3.0486330937885,3.0486330937885
0.914557405757146,0.191598730374808,1.17428051438906,1.47080907996704,1.32931040450418,1.80758330784514,0.836583265763745,2.10449042420465,1.21034011712362,1.5541806039102,0.638776715443227,0.914557405757146,1.90687248140754,-0.146670345675173,1.39656583689838,0.128786608983309,1.15681042092056,0.319804405488607,1.26758274683024,0.453516758855935,0.716798830877831,1.5541806039102,1.68560040317571,1.44517087874933,1.68560040317571,1.24804621207018,1.76396117599599,2.02954483826551,2.02954483826551,0.62795207490417,0.928097704094254,-0.013286406484683,0.453516758855935,0.0931365851375167,0.811704640888279,1.49745226160548,0.366782960500231,1.22897475294052,0.617200518919088,1.52520296792022,0.928097704094254,1.37345382236188,1.80758330784514,2.10449042420465,2.19353923151373,0.11986051980189,1.4204489117657,0.595907909368708,1.5541806039102,-0.836583265763745,1.30817865280262,0.200628080666379,0.310496072653349,0.513253721565073,2.10449042420465,1.44517087874933,0.27352159211477,-0.00442868634009453,1.30817865280262,0.901182740572585,0.031005670218543,1.19211655204,1.0902151652444,0.191598730374808,1.72345844482063,2.45383261533646,0.716798830877831,1.10640505912424,0.27352159211477,1.44517087874933,1.65001470091116,0.984055268071182,0.503175356410146,1.26758274683024,1.90687248140754,1.96451874468454,0.463355541142883,1.76396117599599,0.941810335524397,1.0902151652444,0.433968997866251,1.26758274683024,1.30817865280262,0.671712433431226,1.47080907996704,1.47080907996704,2.19353923151373,2.30437836449792,0.617200518919088,1.52520296792022,1.0281337307419,1.68560040317571,1.85494388489284,0.595907909368708,0.901182740572585,1.4204489117657,0.874905287798368,1.07430609907226,1.90687248140754,1.22897475294052,1.19211655204,1.47080907996704,1.61640366200119,1.90687248140754,1.47080907996704,1.68560040317571,2.02954483826551,3.0486330937885,1.90687248140754,2.30437836449792,3.0486330937885,2.69366395257086,3.0486330937885,2.45383261533646,3.0486330937885,3.0486330937885,2.02954483826551,2.45383261533646,0.414585684448611,2.02954483826551,2.45383261533646,2.69366395257086,1.72345844482063,1.96451874468454,2.45383261533646,2.69366395257086,3.0486330937885,3.0486330937885,3.0486330937885,3.0486330937885,2.69366395257086,2.30437836449792,2.69366395257086,3.0486330937885,0.523384492204278,0.799452172777234,2.45383261533646,1.68560040317571,1.61640366200119,2.30437836449792,3.0486330937885,3.0486330937885,1.4204489117657,1.76396117599599,0.503175356410146,0.887967369430954,1.19211655204,1.76396117599599,1.0902151652444,3.0486330937885,2.45383261533646,1.90687248140754,1.85494388489284,1.80758330784514,-0.00442868634009453,1.90687248140754,2.30437836449792,2.02954483826551,1.0281337307419,-0.0842443078374011,0.0842443078374011,0.543809692704491
1.65020458739169,1.04352912989087,1.50677581061069,2.13248455367803,1.59868725959458,2.13248455367803,1.46523379268552,1.91931046068885,1.76882503851871,1.42607687227285,1.06757052387814,1.14370197813941,1.91931046068885,1.55109415853264,1.83887165399534,-0.700657983026444,0.829903392618348,-0.351418073509011,0.565948821932863,0.152083752047593,0.110405347850601,1.17060337087942,1.42607687227285,1.14370197813941,1.55109415853264,1.22711274092072,1.42607687227285,1.83887165399534,2.01450973381435,0.910351128420293,0.997171404047299,0.0965586152896391,0.615141104595974,0,0.440823665661185,1.35372485367826,0.736315917376129,1.55109415853264,0.849497724938252,2.01450973381435,1.06757052387814,1.76882503851871,1.76882503851871,1.55109415853264,2.13248455367803,0.502402223373355,2.29074749435689,1.04352912989087,1.91931046068885,-0.222177351794656,2.13248455367803,0.208082136154993,0.997171404047299,0.700657983026444,2.01450973381435,1.70651579575289,0.63186892966784,0.307790490234429,1.70651579575289,0.97477812601512,1.0200762327862,1.76882503851871,1.65020458739169,1.04352912989087,3.0486330937885,3.0486330937885,0.518089817394486,1.04352912989087,0.322263942031047,1.38899205885541,1.65020458739169,1.14370197813941,0.351418073509011,1.14370197813941,1.55109415853264,1.55109415853264,0.53390596716881,2.29074749435689,0.829903392618348,0.97477812601512,0.380874057516038,1.32006539026851,0.952863292719465,0.665869518001048,2.01450973381435,1.35372485367826,1.70651579575289,2.01450973381435,0.208082136154993,1.70651579575289,0.665869518001048,1.19837970230692,1.32006539026851,0.208082136154993,0.582188734870728,0.88970115508476,0.425695597680014,0.81062262897833,1.70651579575289,0.997171404047299,1.09224534867217,0.829903392618348,1.04352912989087,1.25689624400911,1.76882503851871,2.5430480700197,2.29074749435689,3.0486330937885,3.0486330937885,2.01450973381435,3.0486330937885,3.0486330937885,2.5430480700197,3.0486330937885,3.0486330937885,3.0486330937885,2.13248455367803,2.5430480700197,1.22711274092072,3.0486330937885,2.01450973381435,2.13248455367803,1.65020458739169,1.70651579575289,2.13248455367803,1.91931046068885,3.0486330937885,2.5430480700197,2.5430480700197,3.0486330937885,3.0486330937885,1.91931046068885,2.29074749435689,3.0486330937885,0.471389465588488,0.683160396854952,2.5430480700197,1.38899205885541,1.91931046068885,3.0486330937885,3.0486330937885,3.0486330937885,1.38899205885541,1.55109415853264,0.598583668378363,1.0200762327862,1.19837970230692,2.01450973381435,1.38899205885541,3.0486330937885,2.5430480700197,2.13248455367803,2.29074749435689,1.91931046068885,-0.502402223373355,1.91931046068885,2.01450973381435,2.29074749435689,1.25689624400911,0.208082136154993,-0.194028142423926,1.59868725959458
1.4835398594013,0.672682308236389,1.05887837832986,1.76145797728826,1.73489942695168,2.08817990600724,0.935704627585293,0.527709253860506,1.4664389722018,1.35721582573487,0.909249594515312,1.20065499795118,1.99560429651479,1.30145298240007,1.78932047530923,-0.200129489810408,1.1323881981811,0.0259335439590907,1.04883758988271,0.265265944064111,0.356001982555486,1.34288150890872,1.55670630982173,1.18889050083422,1.50108594604402,1.16584242454043,1.76145797728826,2.08817990600724,2.20312120638,0.64405428997695,1.16584242454043,-0.229615187057976,0.112603604076637,-0.0547698267402962,0.622925723210088,1.4664389722018,0.54768524391396,1.38675251432979,0.900571690860428,1.76145797728826,1.12151439992102,1.73489942695168,1.34288150890872,1.88248558739268,1.76145797728826,0.424413375409945,1.73489942695168,0.849861129053628,1.61760789560657,-0.393090184322872,1.78932047530923,0.2533471031358,0.679925358354152,0.541002663113439,2.08817990600724,1.68517909550972,0.651161052871003,0.331548933960064,1.76145797728826,0.909249594515312,0.665474377642184,1.50108594604402,1.41755119003061,0.731673596031441,2.60470265542061,2.46260693625009,0.825310376398179,1.22469633596819,0.368307879093411,1.28812874857021,1.61760789560657,0.900571690860428,0.41811632599213,1.22469633596819,1.51910673320396,1.55670630982173,0.176666806930692,1.41755119003061,0.731673596031441,0.64405428997695,0.0778705392743597,0.926814243201961,0.769866124459136,0.581476220641886,1.35721582573487,1.16584242454043,1.22469633596819,1.4334679985171,0.456158699471706,1.37183457081148,0.944669591394476,1.40198562208139,1.51910673320396,0.514508453389869,0.8172368220294,1.35721582573487,0.801247278388727,0.990685690571457,1.57636144369608,1.31501236424182,1.08966198194611,1.32881792786487,1.51910673320396,1.68517909550972,1.4664389722018,1.81864559285006,2.20312120638,2.60470265542061,2.08817990600724,2.20312120638,3.0486330937885,2.60470265542061,3.0486330937885,2.08817990600724,3.0486330937885,3.0486330937885,2.2736256193762,2.60470265542061,0.746819681186097,1.91751597232658,1.73489942695168,2.03970907668722,1.70951107594105,1.99560429651479,2.20312120638,2.83394661858376,3.0486330937885,3.0486330937885,3.0486330937885,3.0486330937885,2.60470265542061,2.83394661858376,3.0486330937885,3.0486330937885,0.386872535221043,0.595178533333278,1.99560429651479,1.57636144369608,2.20312120638,2.60470265542061,3.0486330937885,3.0486330937885,1.61760789560657,2.03970907668722,0.307292571201156,0.636979907990921,1.22469633596819,1.70951107594105,1.16584242454043,3.0486330937885,2.83394661858376,2.14211899130213,2.14211899130213,1.57636144369608,0.283215699659456,2.2736256193762,2.60470265542061,1.81864559285006,1.00969032720418,0.15330099057883,-0.147473087283879,0.801247278388727
1.04913139796397,0.457851931012495,1.14710821664992,1.49970884047378,1.28766970789398,1.74944629876616,1.0148854644618,1.5647264713618,1.24290255706745,1.30317984619768,0.820792088332381,0.960311635605613,2.14334306136917,0.970994932333314,1.85098908773401,-0.525939157235022,0.918630697171481,-0.181958909135291,0.811441283164323,0.134448252050965,0.0268120706812643,1.45965459445929,1.63712536294283,1.40363419356752,1.81503379214976,1.30317984619768,1.81503379214976,2.08100820464584,2.21532204284465,0.653600869414292,1.00373155842823,-0.168347178430069,0.313355359899764,0.0201079988819303,0.849286438567092,1.6632785793318,0.596558569647845,1.5423249356018,0.830215218606701,1.97623345684907,1.20049662126079,1.93105755009577,1.74944629876616,1.81503379214976,2.08100820464584,-0.271383284722776,1.42181413899329,0.23677129124274,1.25754556704753,-1.06082364712951,1.6906216295849,-0.087239322791374,0.465307548440684,0.435634956433664,1.5647264713618,1.52067169179139,0.341642006236721,-0.147987109725839,1.6632785793318,0.502987213480904,0.292304948064935,1.27246329881488,1.02616708310589,0.413630974863793,1.97623345684907,2.40794083333216,0.704239842875527,1.35170223993066,0.465307548440684,1.6632785793318,1.85098908773401,0.98179021740611,0.637093148561783,1.52067169179139,1.74944629876616,2.08100820464584,0.391825481773478,1.74944629876616,0.839712651490798,0.849286438567092,0.588570045985172,1.6906216295849,1.16014615593738,0.918630697171481,1.97623345684907,1.52067169179139,1.63712536294283,1.74944629876616,0.348755695517045,1.28766970789398,0.960311635605613,1.61204626887476,1.81503379214976,0.472789120992267,0.802160895997253,1.30317984619768,0.839712651490798,1.00373155842823,1.44047654826775,1.35170223993066,1.04913139796397,1.28766970789398,1.40363419356752,1.6906216295849,1.3686043144276,1.6632785793318,2.02584424115289,2.7853138450811,1.88950996033343,2.08100820464584,2.7853138450811,2.40794083333216,2.7853138450811,2.40794083333216,3.0486330937885,2.7853138450811,2.21532204284465,2.30102223449413,0.687165234415248,2.55250338049513,2.7853138450811,2.7853138450811,1.71929045381024,2.02584424115289,2.55250338049513,2.40794083333216,3.0486330937885,3.0486330937885,3.0486330937885,2.55250338049513,3.0486330937885,2.21532204284465,2.7853138450811,3.0486330937885,0.264436161207547,0.62890421763219,1.88950996033343,1.35170223993066,1.61204626887476,3.0486330937885,3.0486330937885,3.0486330937885,1.27246329881488,1.63712536294283,0.420942881348072,0.747858594763302,1.22852130438332,1.6632785793318,1.21438974261242,2.7853138450811,2.55250338049513,1.97623345684907,1.97623345684907,1.81503379214976,-0.0469327264110982,1.88950996033343,1.88950996033343,2.02584424115289,1.08465414051821,0.100703168257127,-0.100703168257127,0.549171588071706
1.36762792331569,0.565948821932863,1.2040469600267,1.57921951928357,1.2040469600267,3.0486330937885,1.2040469600267,-0.652178986342786,1.36762792331569,1.57921951928357,1.2040469600267,1.57921951928357,3.0486330937885,0.841621233572914,0.948535040826638,0.2533471031358,0.948535040826638,0.483738553046103,1.36762792331569,0.652178986342786,0.743559756879431,1.2040469600267,1.57921951928357,1.06757052387814,1.57921951928357,1.06757052387814,1.57921951928357,1.90221649578202,1.90221649578202,0.652178986342786,1.06757052387814,-0.652178986342786,-0.2533471031358,-0.652178986342786,0.841621233572914,1.2040469600267,0.743559756879431,1.57921951928357,1.06757052387814,3.0486330937885,1.2040469600267,3.0486330937885,3.0486330937885,3.0486330937885,1.06757052387814,0.404677904530048,1.36762792331569,0.483738553046103,1.90221649578202,-0.180012369792705,1.90221649578202,0.652178986342786,0.483738553046103,0.841621233572914,1.36762792331569,1.57921951928357,0.743559756879431,0.565948821932863,1.90221649578202,0.841621233572914,0.948535040826638,1.90221649578202,1.90221649578202,1.06757052387814,1.90221649578202,3.0486330937885,0.743559756879431,1.06757052387814,0.107634392383102,1.06757052387814,1.57921951928357,0.107634392383102,0.328072107531651,0.948535040826638,1.57921951928357,1.57921951928357,0.328072107531651,1.57921951928357,0.841621233572914,0.743559756879431,-0.107634392383102,0.652178986342786,0.2533471031358,0.743559756879431,1.57921951928357,1.2040469600267,1.2040469600267,3.0486330937885,0.328072107531651,1.36762792331569,1.2040469600267,1.90221649578202,1.90221649578202,0.948535040826638,1.2040469600267,1.57921951928357,1.06757052387814,0.948535040826638,1.57921951928357,1.06757052387814,1.36762792331569,1.57921951928357,1.57921951928357,1.57921951928357,1.2040469600267,1.36762792331569,3.0486330937885,3.0486330937885,3.0486330937885,1.36762792331569,3.0486330937885,1.90221649578202,3.0486330937885,3.0486330937885,3.0486330937885,3.0486330937885,3.0486330937885,3.0486330937885,3.0486330937885,3.0486330937885,3.0486330937885,3.0486330937885,3.0486330937885,3.0486330937885,3.0486330937885,3.0486330937885,3.0486330937885,3.0486330937885,3.0486330937885,3.0486330937885,3.0486330937885,3.0486330937885,3.0486330937885,3.0486330937885,0.483738553046103,0.483738553046103,3.0486330937885,3.0486330937885,3.0486330937885,3.0486330937885,3.0486330937885,3.0486330937885,3.0486330937885,3.0486330937885,0.0358166316600695,0.743559756879431,0.743559756879431,1.2040469600267,1.36762792331569,3.0486330937885,3.0486330937885,3.0486330937885,3.0486330937885,3.0486330937885,1.06757052387814,1.57921951928357,3.0486330937885,1.90221649578202,1.36762792331569,3.0486330937885,-2.29489520924309,0.180012369792705
1.2815515655446,0.121306494853556,1.34288150890872,1.73489942695168,1.69721948615692,2.11438077152756,0.735444275555446,1.97493202898894,1.40972571150603,1.51003504251838,0.841621233572914,1.10544799408837,1.97493202898894,0.97203229433612,1.45804700852964,-0.208955780484701,1.15454729074469,0.156216883553318,1.04385663486993,0.262282765391622,0.524400512708041,1.15454729074469,1.40972571150603,1.4835398594013,1.7752169687141,0.8919610813561,1.69721948615692,2.20312120638,2.31360033737066,0.70187259542196,1.0144987457841,-0.217798379927398,0.226658042567809,-0.121306494853556,0.679925358354152,1.32188365329685,0.2533471031358,1.08966198194611,0.325467090121266,1.34288150890872,0.781543744874262,1.34288150890872,2.03970907668722,1.56645823281279,2.46260693625009,0.316366767897051,1.56645823281279,0.724163250295876,1.40972571150603,-0.829367383879242,1.81864559285006,0.00864365340522775,0.524400512708041,0.446588204506179,1.7752169687141,1.30145298240007,0.42756820668829,0.0345810741624447,1.56645823281279,0.866516655749727,0.746819681186097,1.4334679985171,1.66180577410579,0.866516655749727,2.03970907668722,2.46260693625009,0.494873163568624,1.04385663486993,-0.0865433679150159,1.13787564164884,1.45804700852964,0.325467090121266,0.208955780484701,1.00014285507212,1.38675251432979,1.62836140671691,0.289218999823617,1.59664515439437,0.781543744874262,0.866516655749727,0.244431624366679,1.13787564164884,0.9049021245984,0.42756820668829,1.51003504251838,1.18889050083422,1.62836140671691,1.97493202898894,0.54434091493561,1.51003504251838,1.04385663486993,1.62836140671691,1.91751597232658,0.446588204506179,0.854002781395848,1.38675251432979,0.805225341794515,0.97203229433612,1.59664515439437,1.2815515655446,1.13787564164884,1.32188365329685,1.4334679985171,1.7752169687141,1.53763481064865,1.81864559285006,1.86580276382276,2.46260693625009,2.70179862838798,3.0486330937885,2.70179862838798,2.46260693625009,2.70179862838798,2.20312120638,2.70179862838798,3.0486330937885,2.70179862838798,2.31360033737066,0.8172368220294,2.31360033737066,2.31360033737066,2.31360033737066,1.73489942695168,1.7752169687141,3.0486330937885,3.0486330937885,3.0486330937885,3.0486330937885,3.0486330937885,3.0486330937885,2.70179862838798,3.0486330937885,3.0486330937885,3.0486330937885,0.130018583307084,0.494873163568624,2.03970907668722,1.22469633596819,1.69721948615692,2.70179862838798,3.0486330937885,3.0486330937885,1.15454729074469,1.59664515439437,0.289218999823617,0.781543744874262,0.958261257864887,1.86580276382276,1.20660005156801,3.0486330937885,3.0486330937885,1.97493202898894,2.46260693625009,1.7752169687141,-0.316366767897051,2.03970907668722,1.86580276382276,1.97493202898894,1.0144987457841,0.380669806547464,-0.380669806547464,0.70187259542196
1.99072046158203,0.585607161223859,0.808844404113396,1.67966118531581,1.67966118531581,3.0486330937885,1.47752529201884,-1.1937950727831,1.99072046158203,1.99072046158203,0.517723552817667,1.1937950727831,3.0486330937885,1.47752529201884,1.67966118531581,0.205464409067124,1.1937950727831,0.388461663983111,1.47752529201884,0.517723552817667,0.656304990866762,1.67966118531581,1.99072046158203,1.67966118531581,3.0486330937885,1.32236537889972,3.0486330937885,3.0486330937885,3.0486330937885,0.452147410767536,1.1937950727831,-0.98305291689619,-0.205464409067124,-0.585607161223859,0.730448176998166,1.47752529201884,0.517723552817667,1.32236537889972,1.99072046158203,1.99072046158203,1.47752529201884,1.99072046158203,1.99072046158203,3.0486330937885,1.99072046158203,0.452147410767536,1.99072046158203,0.730448176998166,1.99072046158203,-0.517723552817667,3.0486330937885,0.517723552817667,0.265404753824975,0.452147410767536,1.47752529201884,1.47752529201884,0.730448176998166,0.656304990866762,1.99072046158203,0.808844404113396,0.808844404113396,1.67966118531581,1.47752529201884,0.808844404113396,3.0486330937885,3.0486330937885,0.892559672934451,1.32236537889972,-0.0875522464861795,0.656304990866762,0.892559672934451,0.808844404113396,-0.0291509685231212,0.517723552817667,0.98305291689619,0.730448176998166,-0.0291509685231212,0.656304990866762,0.452147410767536,0.326314992004794,-0.892559672934451,-0.0875522464861795,0.808844404113396,0.0291509685231212,0.656304990866762,0.808844404113396,0.388461663983111,0.517723552817667,0.656304990866762,1.0824113944611,0.98305291689619,3.0486330937885,3.0486330937885,0.730448176998166,0.892559672934451,1.47752529201884,1.32236537889972,1.1937950727831,1.99072046158203,1.1937950727831,1.32236537889972,1.32236537889972,1.47752529201884,1.67966118531581,1.32236537889972,1.47752529201884,3.0486330937885,1.99072046158203,1.99072046158203,3.0486330937885,3.0486330937885,1.99072046158203,1.99072046158203,3.0486330937885,1.99072046158203,3.0486330937885,1.99072046158203,3.0486330937885,0.517723552817667,1.99072046158203,1.99072046158203,1.99072046158203,1.99072046158203,1.99072046158203,1.99072046158203,3.0486330937885,3.0486330937885,3.0486330937885,3.0486330937885,3.0486330937885,3.0486330937885,3.0486330937885,3.0486330937885,3.0486330937885,0.656304990866762,0.730448176998166,3.0486330937885,3.0486330937885,1.99072046158203,3.0486330937885,3.0486330937885,3.0486330937885,3.0486330937885,3.0486330937885,0.452147410767536,0.892559672934451,1.1937950727831,0.808844404113396,1.1937950727831,3.0486330937885,3.0486330937885,1.32236537889972,3.0486330937885,1.0824113944611,1.0824113944611,1.99072046158203,3.0486330937885,1.47752529201884,0.326314992004794,-0.0291509685231212,0.0291509685231212,0.808844404113396
1.41135645823945,-0.497828890367652,1.20576794947479,0.585607161223859,2.03490467897135,2.60073878290197,0.761243521108163,2.19859157260603,1.63368227812953,1.36550932818113,0.892559672934451,0.776914353421148,1.05151253402965,0.875328210311609,1.81341756867404,0.134479708233494,1.49511772427235,0.332469344847409,0.918915953149858,0.685508251003076,0.692900345227589,1.6119319708001,1.91248547822015,1.42731759204887,1.91248547822015,1.38047038967071,1.81341756867404,2.26920579628496,2.26920579628496,0.700330497182492,1.0414334632946,0.426467202361909,0.936847108358368,0.620568271807538,1.32236537889972,1.81341756867404,0.98305291689619,1.70404814523735,1.2427675911941,2.26920579628496,1.55088088287038,2.08346012930533,1.91248547822015,2.08346012930533,2.13749022986198,0.656304990866762,1.84445897696014,0.910060323141876,1.91248547822015,-0.140364388616809,2.08346012930533,0.357215834634585,0.88391113460451,0.634765457014197,2.19859157260603,1.70404814523735,0.945926558005285,0.407390871778182,2.35335922225601,0.858352814241681,0.858352814241681,2.03490467897135,1.70404814523735,0.98305291689619,2.13749022986198,2.83025011620715,1.12529247769098,1.55088088287038,0.59950345125785,2.26920579628496,2.83025011620715,1.46037861591456,0.524400512708041,1.590918551407,1.75610918297022,1.72949282109773,0.715308229316846,2.03490467897135,0.964323583094662,1.30851799695802,1.23024692905672,2.03490467897135,1.78403114376465,1.590918551407,2.35335922225601,1.95011183710686,2.03490467897135,2.26920579628496,0.30181814521476,1.55088088287038,0.730448176998166,1.21791621419164,1.49511772427235,-0.445700015359474,-0.0700095650489926,0.738081185245132,-0.27750111622749,1.10359827029075,1.63368227812953,1.46037861591456,1.03145909392125,1.1937950727831,1.25548616982443,1.44365086478399,-0.0291509685231212,1.2815515655446,0.825122009089318,1.63368227812953,0.816956148721739,1.81341756867404,1.91248547822015,2.03490467897135,2.13749022986198,1.590918551407,2.83025011620715,2.60073878290197,2.26920579628496,2.83025011620715,0.283564447327952,2.19859157260603,2.19859157260603,2.35335922225601,2.35335922225601,2.45845854819973,2.83025011620715,2.83025011620715,3.0486330937885,3.0486330937885,3.0486330937885,3.0486330937885,3.0486330937885,2.83025011620715,3.0486330937885,3.0486330937885,0.30181814521476,0.606495082924778,1.87738667619188,1.53176111322817,1.78403114376465,2.60073878290197,3.0486330937885,3.0486330937885,1.47752529201884,1.78403114376465,0.0817019584756546,0.634765457014197,0.825122009089318,1.6119319708001,0.892559672934451,2.83025011620715,2.45845854819973,2.60073878290197,2.19859157260603,1.70404814523735,-0.0934055326098771,1.81341756867404,1.70404814523735,1.81341756867404,0.98305291689619,0.0408169073621821,-0.0408169073621821,0.24132617498693
0.534544566639289,1.03320593147377,1.878582609554,2.05167760062123,-0.549132427421049,1.36946402932272,0.838036774377065,1.878582609554,0.578666728092737,1.55224749764854,0.6087146906588,1.03320593147377,1.95781899018852,1.47317624908808,1.69301684280222,-0.52006958627918,0.578666728092737,-0.209355339289864,1.12330841140471,-0.0314955112688242,0.183671259640483,1.30775985697736,1.55224749764854,1.30775985697736,1.69301684280222,1.33797519589612,1.51153080446258,1.95781899018852,2.05167760062123,0.686397768049701,1.27869345574187,-0.856068666421295,-0.534544566639289,-0.407804669141084,0.751650431860894,1.7483582642931,0.623945592857739,1.69301684280222,0.686397768049701,1.878582609554,1.33797519589612,2.57409555358816,1.6424223194277,1.80963918704182,2.05167760062123,-0.970779101778752,0.534544566639289,-0.563838097387049,0.838036774377065,-0.639322636681657,1.43687410565289,0.505702765434063,0.170875567960736,0.82027333903733,1.69301684280222,1.36946402932272,0.28731734001212,0.222248291255461,1.43687410565289,0.6087146906588,0.0188953072879586,0.785499430626346,1.01195872477116,0.0946118771235127,2.57409555358816,2.16810427363659,0.654852361917167,1.17197764831699,0.28731734001212,1.59571354184155,2.16810427363659,1.40237256966857,0.449229191167872,1.07716393276295,1.55224749764854,1.878582609554,0.107272419490186,1.43687410565289,0.768464867434772,0.52006958627918,0.751650431860894,1.36946402932272,1.27869345574187,1.30775985697736,2.16810427363659,1.878582609554,1.80963918704182,2.16810427363659,0.578666728092737,1.80963918704182,1.14730332231733,1.69301684280222,1.7483582642931,0.970779101778753,1.12330841140471,1.69301684280222,1.19738692147659,1.14730332231733,1.7483582642931,1.55224749764854,1.19738692147659,1.55224749764854,1.6424223194277,2.05167760062123,1.95781899018852,2.16810427363659,2.16810427363659,3.0486330937885,2.57409555358816,2.57409555358816,2.57409555358816,3.0486330937885,3.0486330937885,3.0486330937885,3.0486330937885,3.0486330937885,2.57409555358816,2.57409555358816,1.17197764831699,2.57409555358816,2.16810427363659,3.0486330937885,1.43687410565289,1.69301684280222,2.05167760062123,2.57409555358816,3.0486330937885,3.0486330937885,3.0486330937885,2.57409555358816,2.57409555358816,2.3244665468156,3.0486330937885,3.0486330937885,0.0819664824950675,0.407804669141084,2.3244665468156,1.05493011822516,2.05167760062123,2.57409555358816,3.0486330937885,3.0486330937885,1.19738692147659,1.36946402932272,0.132647250842306,0.353627462518801,1.43687410565289,2.57409555358816,1.59571354184155,3.0486330937885,2.57409555358816,2.3244665468156,2.57409555358816,2.3244665468156,-0.0693341817516847,2.3244665468156,2.05167760062123,2.3244665468156,1.69301684280222,0.340249901251861,-0.340249901251861,1.27869345574187
